{"aqi": {"aqi": [0, 1.0], "co": [500, 0.5826197042637018], "grade": [500, 0.7785764973385814], "no2": [502, 0.44147355685673406], "o3": [500, 0], "o3H8": [500, 0], "pm10": [500, 0.8741846757614326], "pm25": [500, 0.7708298888650644], "sd": [501, 0.22665984943682033], "so2": [500, 0.48417760439486507], "temp": [500, 0], "ws": [500, 0], "weather_1": [499, 0.28920219493817606], "weather_2": [503, 0.17132051435148118], "weather_3": [500, 0.2633535307215126], "weather_4": [1000, 0.09312599279844727], "weather_5": [996, 0.13378206914396817], "weather_6": [373, 0.15012890253237807], "weather_7": [737, 0.11475435742055118], "weather_8": [90, 0.09979232724032971], "weather_9": [88, 0.04116585652265978], "weather_10": [481, 0.03473472686817969], "weather_11": [997, 0.132121796242336], "weather_12": [500, 0], "weather_13": [1000, 0.19220278448938374], "weather_14": [860, 0.1925381618394491], "wd": [981, 0.11210180159871971]}, "co": {"co": [0, 1.0], "grade": [500, 0.6027217516193418], "no2": [502, 0.5657542404518878], "o3": [502, 0.20391210989061087], "o3H8": [499, 0.19179465881716817], "pm10": [500, 0.5844071534599636], "pm25": [500, 0.6543940152634184], "sd": [501, 0.33902153079079994], "so2": [500, 0.5259135866738311], "temp": [500, 0], "ws": [502, 0.29719172461316806], "weather_1": [499, 0.324762308430002], "weather_2": [500, 0], "weather_3": [500, 0.24225296123627915], "weather_4": [500, 0], "weather_5": [992, 0.15577085135643465], "weather_6": [950, 0.1601728637040538], "weather_7": [500, 0], "weather_8": [86, 0.11404951292981312], "weather_9": [78, 0.045733270664937736], "weather_10": [500, 0], "weather_11": [537, 0.052279274815373616], "weather_12": [500, 0], "weather_13": [591, 0.037957623363985706], "weather_14": [500, 0], "wd": [500, 0]}, "grade": {"grade": [0, 1.0], "no2": [502, 0.4964175607146644], "o3": [502, 0.11948724450981252], "o3H8": [499, 0.11796678177253173], "pm10": [500, 0.78167817012978], "pm25": [500, 0.7433490219129806], "sd": [500, 0.24702806319321785], "so2": [500, 0.5088925449242093], "temp": [500, 0], "ws": [503, 0.17270381029704784], "weather_1": [500, 0.3062932658122651], "weather_2": [500, 0.15952173154276178], "weather_3": [499, 0.2637561562657696], "weather_4": [500, 0], "weather_5": [500, 0], "weather_6": [500, 0], "weather_7": [500, 0], "weather_8": [500, 0], "weather_9": [500, 0], "weather_10": [479, 0.052250809265867844], "weather_11": [998, 0.06913941476981293], "weather_12": [500, 0], "weather_13": [997, 0.07288940983424676], "weather_14": [68, 0.09063279355416123], "wd": [500, 0]}, "no2": {"no2": [0, 1.0], "o3": [500, 0], "o3H8": [500, 0], "pm10": [498, 0.4859682780955377], "pm25": [499, 0.5168991883177934], "sd": [500, 0], "so2": [499, 0.4958931231198224], "temp": [500, 0], "ws": [500, 0.5355145225733835], "weather_1": [492, 0.18864706566423067], "weather_2": [500, 0], "weather_3": [500, 0], "weather_4": [371, 0.10014589430978418], "weather_5": [988, 0.09375967367967857], "weather_6": [500, 0], "weather_7": [500, 0], "weather_8": [500, 0], "weather_9": [500, 0], "weather_10": [500, 0], "weather_11": [500, 0], "weather_12": [650, 0.09713169867308798], "weather_13": [500, 0], "weather_14": [500, 0], "wd": [500, 0]}, "o3": {"o3": [0, 1.0], "o3H8": [500, 0], "pm10": [500, 0], "pm25": [500, 0], "sd": [500, 0], "so2": [497, 0.15783130240122167], "temp": [500, 0], "ws": [500, 0], "weather_1": [500, 0], "weather_2": [473, 0.1283509917078673], "weather_3": [500, 0], "weather_4": [500, 0], "weather_5": [500, 0], "weather_6": [500, 0], "weather_7": [717, 0.1349805617288714], "weather_8": [500, 0], "weather_9": [500, 0], "weather_10": [489, 0.04635091066047169], "weather_11": [500, 0], "weather_12": [21, 0.09010574727597703], "weather_13": [500, 0], "weather_14": [500, 0], "wd": [500, 0]}, "o3H8": {"o3H8": [0, 1.0], "pm10": [500, 0], "pm25": [500, 0], "sd": [500, 0], "so2": [500, 0.15660160828965453], "temp": [500, 0], "ws": [500, 0], "weather_1": [500, 0], "weather_2": [477, 0.1313342431138546], "weather_3": [500, 0], "weather_4": [500, 0], "weather_5": [500, 0], "weather_6": [500, 0], "weather_7": [720, 0.13053530039479552], "weather_8": [500, 0], "weather_9": [500, 0], "weather_10": [493, 0.04644199683627368], "weather_11": [500, 0], "weather_12": [25, 0.08202825833971869], "weather_13": [963, 0.04399060482914145], "weather_14": [500, 0], "wd": [500, 0]}, "pm10": {"pm10": [0, 1.0], "pm25": [500, 0.764141920290405], "sd": [500, 0], "so2": [500, 0.4814796547924981], "temp": [500, 0], "ws": [500, 0], "weather_1": [499, 0.26016633974455705], "weather_2": [503, 0.1605115599511621], "weather_3": [500, 0.23077481248962958], "weather_4": [1000, 0.10836002678737477], "weather_5": [996, 0.12652974035240758], "weather_6": [372, 0.15704432045933533], "weather_7": [500, 0], "weather_8": [90, 0.08608103657484667], "weather_9": [88, 0.0374157259294389], "weather_10": [480, 0.03463779748844698], "weather_11": [997, 0.13669751434430183], "weather_12": [707, 0.08981216700699915], "weather_13": [1000, 0.18067549712194883], "weather_14": [64, 0.17913536780004224], "wd": [981, 0.13588929676885683]}, "pm25": {"pm25": [0, 1.0], "sd": [500, 0.28840354605198215], "so2": [500, 0.535411992774069], "temp": [500, 0], "ws": [503, 0.21017954836979508], "weather_1": [499, 0.3248608817640017], "weather_2": [502, 0.15455505681739523], "weather_3": [499, 0.2869666603786896], "weather_4": [500, 0], "weather_5": [996, 0.1806832701312156], "weather_6": [951, 0.1929541490746044], "weather_7": [500, 0], "weather_8": [90, 0.10741318496140607], "weather_9": [88, 0.044672276200559344], "weather_10": [481, 0.037497539294968525], "weather_11": [997, 0.06499576143197172], "weather_12": [13, 0.05541246181556449], "weather_13": [1000, 0.0787993694564899], "weather_14": [860, 0.07955085597828793], "wd": [500, 0]}, "sd": {"sd": [0, 1.0], "so2": [500, 0], "temp": [500, 0], "ws": [500, 0], "weather_1": [499, 0.3859817871061416], "weather_2": [500, 0], "weather_3": [500, 0.31158963874301154], "weather_4": [515, 0.15211705102456316], "weather_5": [500, 0], "weather_6": [503, 0.1155710995157265], "weather_7": [500, 0], "weather_8": [514, 0.09635366398946887], "weather_9": [500, 0], "weather_10": [500, 0], "weather_11": [500, 0], "weather_12": [500, 0], "weather_13": [500, 0], "weather_14": [500, 0], "wd": [500, 0]}, "so2": {"so2": [0, 1.0], "temp": [500, 0], "ws": [503, 0.2780528350986758], "weather_1": [502, 0.196043449180086], "weather_2": [500, 0], "weather_3": [500, 0], "weather_4": [352, 0.054474538192707325], "weather_5": [989, 0.12087691342646421], "weather_6": [500, 0], "weather_7": [500, 0], "weather_8": [81, 0.11907413108904298], "weather_9": [75, 0.052660924312938596], "weather_10": [74, 0.03779873678462725], "weather_11": [661, 0.030860362557694847], "weather_12": [687, 0.05363082360009899], "weather_13": [571, 0.028188429569103383], "weather_14": [500, 0], "wd": [500, 0]}, "temp": {"temp": [0, 1.0], "ws": [500, 0], "weather_1": [500, 0], "weather_2": [500, 0], "weather_3": [500, 0], "weather_4": [500, 0], "weather_5": [500, 0], "weather_6": [500, 0], "weather_7": [500, 0], "weather_8": [500, 0], "weather_9": [500, 0], "weather_10": [500, 0], "weather_11": [500, 0], "weather_12": [500, 0], "weather_13": [500, 0], "weather_14": [500, 0], "wd": [500, 0]}, "ws": {"ws": [0, 1.0], "weather_1": [500, 0], "weather_2": [500, 0], "weather_3": [500, 0], "weather_4": [866, 0.09923063536484558], "weather_5": [832, 0.0699728211354789], "weather_6": [791, 0.11362326081608153], "weather_7": [500, 0], "weather_8": [144, 0.09998341491640454], "weather_9": [461, 0.041578182366636664], "weather_10": [500, 0], "weather_11": [500, 0], "weather_12": [880, 0.12370546873539964], "weather_13": [670, 0.057858373496365516], "weather_14": [260, 0.14755735893419686], "wd": [992, 0.17880074194255358]}, "weather_1": {"weather_1": [0, 1.0], "weather_2": [150, 0.12173818495041469], "weather_3": [500, 0.3873245548963064], "weather_4": [516, 0.14106099503878783], "weather_5": [975, 0.14369526067919605],