{"aqi": {"aqi": [0, 1.0], "co": [479, 0.986139565488111], "grade": [512, 0.9902867819073583], "no2": [479, 0.9913280403054469], "o3": [488, 0.9853692156182173], "o3H8": [479, 0.9879394625157061], "pm10": [512, 0.9934833752013983], "pm25": [488, 0.9925252762291685], "sd": [479, 0.990178747956925], "so2": [502, 0.929130934083525], "temp": [479, 0.986751969413755], "ws": [515, 0.943738728997159], "weather_1": [504, 0.9324286753227562], "weather_2": [504, 0.9324286753227562], "wd": [521, 0.9886208176118381]}, "co": {"co": [0, 1.0], "grade": [521, 0.98547624771303], "no2": [521, 0.992253373238625], "o3": [488, 0.9889666640896175], "o3H8": [479, 0.9941350441515454], "pm10": [521, 0.9882003651027682], "pm25": [521, 0.9859248008639283], "sd": [479, 0.9972072613020474], "so2": [479, 0.991616145455028], "temp": [479, 0.9934621110996166], "ws": [521, 0.9883515645532429], "weather_1": [505, 0.9252187888502388], "weather_2": [505, 0.9252187888502389], "wd": [486, 0.8195923310544383]}, "grade": {"grade": [0, 1.0], "no2": [479, 0.9967583001514113], "o3": [487, 0.9841438177088556], "o3H8": [479, 0.9901066784884993], "pm10": [511, 0.992880882521886], "pm25": [488, 0.9909425161633401], "sd": [479, 0.9919187200527659], "so2": [479, 0.9962600725644425], "temp": [479, 0.9903920364303345], "ws": [514, 0.9054881257300822], "weather_1": [481, 0.9228326482451216], "weather_2": [481, 0.9228326482451216], "wd": [519, 0.8654265299261491]}, "no2": {"no2": [0, 1.0], "o3": [487, 0.9851563894688781], "o3H8": [479, 0.9789665657380321], "pm10": [521, 0.9888034763923879], "pm25": [521, 0.9905533368331694], "sd": [479, 0.9832929439608746], "so2": [517, 0.9780655233170253], "temp": [485, 0.9805447334767277], "ws": [513, 0.9109428666122779], "weather_1": [502, 0.9328978583029166], "weather_2": [502, 0.9328978583029167], "wd": [521, 0.9914904850597015]}, "o3": {"o3": [0, 1.0], "o3H8": [484, 0.9368352468950659], "pm10": [512, 0.9840498126802892], "pm25": [512, 0.9854310671017319], "sd": [479, 0.9651988606212532], "so2": [521, 0.9509100023404703], "temp": [514, 0.9464326393543339], "ws": [521, 0.9955386458468592], "weather_1": [488, 0.921469668709344], "weather_2": [484, 0.9250964866664179], "wd": [521, 0.9982949524224559]}, "o3H8": {"o3H8": [0, 1.0], "pm10": [521, 0.9856095729548734], "pm25": [521, 0.987596905043529], "sd": [521, 0.9805633774099776], "so2": [497, 0.9700674310947771], "temp": [521, 0.9776239354188497], "ws": [511, 0.8541944002826474], "weather_1": [484, 0.9133390834427425], "weather_2": [484, 0.9133390834427425], "wd": [521, 0.9944985804542007]}, "pm10": {"pm10": [0, 1.0], "pm25": [488, 0.9951078244349265], "sd": [479, 0.9881082233013718], "so2": [501, 0.9239985318482401], "temp": [479, 0.9844571885671919], "ws": [514, 0.9088017986596932], "weather_1": [504, 0.9341013058064125], "weather_2": [504, 0.9341013058064124], "wd": [521, 0.9915209705993614]}, "pm25": {"pm25": [0, 1.0], "sd": [479, 0.9901705640880303], "so2": [502, 0.9405176997441839], "temp": [479, 0.9863161575719543], "ws": [515, 0.9468920090647602], "weather_1": [504, 0.9350125436507342], "weather_2": [504, 0.935012543650734], "wd": [521, 0.9903455862669224]}, "sd": {"sd": [0, 1.0], "so2": [517, 0.9430726621996679], "temp": [521, 0.9801119560510831], "ws": [498, 0.8096246406561481], "weather_1": [500, 0.8928107165084773], "weather_2": [500, 0.8928107165084772], "wd": [521, 0.9947248493468297]}, "so2": {"so2": [0, 1.0], "temp": [484, 0.9514665263866147], "ws": [521, 0.9833375172418912], "weather_1": [504, 0.9314070263839084], "weather_2": [504, 0.9314070263839084], "wd": [479, 0.9914494766975218]}, "temp": {"temp": [0, 1.0], "ws": [498, 0.8200452260615717], "weather_1": [482, 0.9051305125253408], "weather_2": [482, 0.9051305125253408], "wd": [521, 0.9935020662816093]}, "ws": {"ws": [0, 1.0], "weather_1": [502, 0.8220168612225927], "weather_2": [502, 0.8220168612225928], "wd": [479, 0.9948952111701655]}, "weather_1": {"weather_1": [0, 1.0], "weather_2": [500, 0.9964337293150559], "wd": [520, 0.9978460897197531]}, "weather_2": {"weather_2": [0, 1.0], "wd": [520, 0.9978460897197533]}, "wd": {"wd": [0, 1.0]}}