{"aqi": {"aqi": [0, 1.0], "co": [500, 0.5840917836135692], "grade": [500, 0.7013042759329501], "no2": [502, 0.4779072106341964], "o3": [500, 0], "o3H8": [500, 0], "pm10": [500, 0.7729673092872001], "pm25": [500, 0.7194461618971408], "sd": [500, 0], "so2": [501, 0.46304804519003956], "temp": [500, 0], "ws": [503, 0.1835376936588209], "weather_1": [500, 0], "weather_2": [498, 0.2054700547838465], "weather_3": [503, 0.10647479289044955], "weather_4": [500, 0], "weather_5": [494, 0.30468947217656006], "weather_6": [866, 0.08510899650777354], "weather_7": [757, 0.08808408108951377], "weather_8": [800, 0.07805381786041826], "weather_9": [500, 0], "weather_10": [500, 0], "weather_11": [90, 0.07096257225858969], "weather_12": [997, 0.07170510070514874], "weather_13": [13, 0.03503275235836696], "weather_14": [1000, 0.10703014222205323], "weather_15": [64, 0.11974444023092429], "wd": [500, 0.06348185609524871]}, "co": {"co": [0, 1.0], "grade": [500, 0.5787195700317422], "no2": [502, 0.5289471167299435], "o3": [502, 0.16187799458565283], "o3H8": [499, 0.15146861935344708], "pm10": [500, 0.5817402139940604], "pm25": [500, 0.6232847697840385], "sd": [500, 0.2592398965997786], "so2": [500, 0.4860040033492053], "temp": [500, 0], "ws": [502, 0.2835354846942252], "weather_1": [500, 0], "weather_2": [500, 0], "weather_3": [500, 0], "weather_4": [500, 0], "weather_5": [496, 0.2913906464333872], "weather_6": [867, 0.06774942540044526], "weather_7": [500, 0], "weather_8": [808, 0.07837938692788865], "weather_9": [970, 0.0935603194360617], "weather_10": [500, 0], "weather_11": [86, 0.07979711908766926], "weather_12": [537, 0.03296447087275926], "weather_13": [500, 0], "weather_14": [591, 0.021853961737799844], "weather_15": [500, 0], "wd": [501, 0.11175565785866634]}, "grade": {"grade": [0, 1.0], "no2": [502, 0.49100984173504986], "o3": [501, 0.09771759512622641], "o3H8": [500, 0], "pm10": [500, 0.7062778370158286], "pm25": [500, 0.6774766887018459], "sd": [500, 0], "so2": [501, 0.4586617540099478], "temp": [500, 0], "ws": [502, 0.19227872008329466], "weather_1": [500, 0], "weather_2": [498, 0.19001621051346645], "weather_3": [500, 0], "weather_4": [500, 0], "weather_5": [497, 0.28239354847959125], "weather_6": [865, 0.07697773265763568], "weather_7": [500, 0], "weather_8": [500, 0], "weather_9": [500, 0], "weather_10": [500, 0], "weather_11": [500, 0], "weather_12": [537, 0.040167664031153294], "weather_13": [12, 0.04652354209610757], "weather_14": [997, 0.03723322054034939], "weather_15": [68, 0.06106530128097943], "wd": [500, 0.06681097999844261]}, "no2": {"no2": [0, 1.0], "o3": [500, 0.36041530599404087], "o3H8": [496, 0.33279717535543396], "pm10": [498, 0.5186506870416351], "pm25": [498, 0.510574361305282], "sd": [500, 0], "so2": [499, 0.4451287286510252], "temp": [500, 0], "ws": [500, 0.4303015113367575], "weather_1": [500, 0], "weather_2": [500, 0], "weather_3": [500, 0], "weather_4": [500, 0], "weather_5": [489, 0.2234646914659668], "weather_6": [859, 0.07076411751503274], "weather_7": [754, 0.10002966235905567], "weather_8": [500, 0], "weather_9": [500, 0], "weather_10": [500, 0], "weather_11": [500, 0], "weather_12": [500, 0], "weather_13": [500, 0], "weather_14": [500, 0], "weather_15": [500, 0], "wd": [498, 0.12399975253267084]}, "o3": {"o3": [0, 1.0], "o3H8": [497, 0.5917357297305097], "pm10": [500, 0], "pm25": [498, 0.11209706436120143], "sd": [500, 0], "so2": [497, 0.12046989489912724], "temp": [500, 0], "ws": [499, 0.33573458867469297], "weather_1": [500, 0], "weather_2": [500, 0], "weather_3": [500, 0], "weather_4": [500, 0], "weather_5": [498, 0.09856815229120397], "weather_6": [467, 0.058090710331452175], "weather_7": [862, 0.05255068530530565], "weather_8": [527, 0.027258866865349934], "weather_9": [96, 0.02296494924754033], "weather_10": [500, 0], "weather_11": [500, 0], "weather_12": [500, 0], "weather_13": [475, 0.05423935116291861], "weather_14": [956, 0.029852552973677806], "weather_15": [500, 0], "wd": [500, 0]}, "o3H8": {"o3H8": [0, 1.0], "pm10": [500, 0], "pm25": [502, 0.10577762271008972], "sd": [500, 0], "so2": [500, 0.12003104918070945], "temp": [500, 0], "ws": [503, 0.3210078232325824], "weather_1": [500, 0], "weather_2": [500, 0], "weather_3": [500, 0], "weather_4": [500, 0], "weather_5": [501, 0.09662626396019039], "weather_6": [116, 0.0484783393079595], "weather_7": [866, 0.05361804487283062], "weather_8": [530, 0.026988180880611657], "weather_9": [98, 0.023545376678185622], "weather_10": [500, 0], "weather_11": [500, 0], "weather_12": [500, 0], "weather_13": [479, 0.051183314546443516], "weather_14": [963, 0.03209840013810218], "weather_15": [500, 0], "wd": [500, 0]}, "pm10": {"pm10": [0, 1.0], "pm25": [500, 0.7108465997780343], "sd": [500, 0], "so2": [500, 0.4624724202703447], "temp": [500, 0], "ws": [502, 0.19932617142123674], "weather_1": [500, 0], "weather_2": [498, 0.17118290610498177], "weather_3": [502, 0.10529669277809256], "weather_4": [508, 0.10907875854096631], "weather_5": [493, 0.2807117476450168], "weather_6": [866, 0.0896795409261991], "weather_7": [756, 0.10096776189996198], "weather_8": [500, 0], "weather_9": [500, 0], "weather_10": [500, 0], "weather_11": [90, 0.05864243860257706], "weather_12": [997, 0.07417262845447023], "weather_13": [707, 0.05173926078143285], "weather_14": [1000, 0.09998325675660123], "weather_15": [64, 0.12276190904365013], "wd": [500, 0.07128414158113279]}, "pm25": {"pm25": [0, 1.0], "sd": [499, 0.22804610988761778], "so2": [501, 0.49100119413246573], "temp": [500, 0], "ws": [502, 0.2160921739330192], "weather_1": [500, 0], "weather_2": [498, 0.2203737520778427], "weather_3": [500, 0], "weather_4": [500, 0], "weather_5": [494, 0.3211310343581996], "weather_6": [867, 0.08511248480012838], "weather_7": [500, 0], "weather_8": [808, 0.0892779530243415], "weather_9": [983, 0.09463535816379705], "weather_10": [500, 0], "weather_11": [90, 0.07341956758799478], "weather_12": [537, 0.02981224596546731], "weather_13": [13, 0.0391112990326122], "weather_14": [1000, 0.03725231903939921], "weather_15": [860, 0.03936226798146614], "wd": [500, 0.07529551821855289]}, "sd": {"sd": [0, 1.0], "so2": [500, 0], "temp": [500, 0], "ws": [500, 0.3172131844836235], "weather_1": [500, 0], "weather_2": [500, 0.2496127515437108], "weather_3": [500, 0], "weather_4": [501, 0.1626926990002503], "weather_5": [499, 0.3026910441459856], "weather_6": [500, 0], "weather_7": [505, 0.11704054479715136], "weather_8": [503, 0.058177284350413534], "weather_9": [500, 0], "weather_10": [503, 0.07862862043785356], "weather_11": [514, 0.06333483825304033], "weather_12": [500, 0], "weather_13": [500, 0], "weather_14": [500, 0], "weather_15": [500, 0], "wd": [500, 0]}, "so2": {"so2": [0, 1.0], "temp": [500, 0], "ws": [503, 0.25539009742701063], "weather_1": [500, 0], "weather_2": [500, 0], "weather_3": [500, 0], "weather_4": [500, 0], "weather_5": [490, 0.17965243757894528], "weather_6": [500, 0], "weather_7": [500, 0], "weather_8": [500, 0], "weather_9": [500, 0], "weather_10": [340, 0.08581368346303203], "weather_11": [81, 0.08042743137200878], "weather_12": [500, 0], "weather_13": [64, 0.029486678488779713], "weather_14": [571, 0.01669321681100029], "weather_15": [500, 0], "wd": [500, 0]}, "temp": {"temp": [0, 1.0], "ws": [500, 0], "weather_1": [500, 0], "weather_2": [500, 0], "weather_3": [500, 0], "weather_4": [500, 0], "weather_5": [500, 0], "weather_6": [500, 0], "weather_7": [500, 0], "weather_8": [500, 0], "weather_9": [500, 0], "weather_10": [500, 0], "weather_11": [500, 0], "weather_12": [500, 0], "weather_13": [500, 0], "weather_14": [500, 0], "weather_15": [500, 0], "wd": [500, 0]}, "ws": {"ws": [0, 1.0], "weather_1": [500, 0], "weather_2": [500, 0], "weather_3": [500, 0], "weather_4": [500, 0], "weather_5": [498, 0.12156239549937695], "weather_6": [593, 0.06890931876539548], "weather_7": [864, 0.10805908680162384], "weather_8": [500, 0], "weather_9": [0, 0.06626184601005984], "weather_10": [500, 0], "weather_11": [500, 0],